-- MySQL Script generated by MySQL Workbench
-- Thu May 20 20:06:57 2021
-- Model: New Model    Version: 1.0
-- MySQL Workbench Forward Engineering

-- -----------------------------------------------------
-- Data for table `syllabus_system`.`role`
-- -----------------------------------------------------
START TRANSACTION;
USE `syllabus_system`;
INSERT INTO `syllabus_system`.`role` (`nivel_acceso`, `nombre`, `descripcion`) VALUES (0, 'Admin', 'Maximum authority of the system.');
INSERT INTO `syllabus_system`.`role` (`nivel_acceso`, `nombre`, `descripcion`) VALUES (1, 'Substitute Manager', 'Users who are only below the Admin in access. They have all the options that the admin except granting administrator permissions.');
INSERT INTO `syllabus_system`.`role` (`nivel_acceso`, `nombre`, `descripcion`) VALUES (2, 'Professor', 'These accounts only have view privileges and print permissions over all handbooks. They may request the admins account a revision of a syllabus.');
INSERT INTO `syllabus_system`.`role` (`nivel_acceso`, `nombre`, `descripcion`) VALUES (3, 'Employee ', 'These accounts only have view and print permissions over all handbooks, but they are not able to request editing permissions.');

COMMIT;


-- -----------------------------------------------------
-- Data for table `syllabus_system`.`menuElement`
-- -----------------------------------------------------
START TRANSACTION;
USE `syllabus_system`;
INSERT INTO `syllabus_system`.`menuElement` (`menuId`, `title`, `description`) VALUES (0, 'General Pages', 'Pages that do not belong to a specific group.');
INSERT INTO `syllabus_system`.`menuElement` (`menuId`, `title`, `description`) VALUES (1, 'Añadir', 'Pages that help the admin add courses, programs and courses to programs.');
INSERT INTO `syllabus_system`.`menuElement` (`menuId`, `title`, `description`) VALUES (2, 'Reglas', 'Pages that are related to the courses rules.');
INSERT INTO `syllabus_system`.`menuElement` (`menuId`, `title`, `description`) VALUES (3, 'Listas', 'Pages that contain different types of lists.');

COMMIT;


-- -----------------------------------------------------
-- Data for table `syllabus_system`.`webPage`
-- -----------------------------------------------------
START TRANSACTION;
USE `syllabus_system`;
INSERT INTO `syllabus_system`.`webPage` (`pageURL`, `pageTitle`, `description`, `menuId`) VALUES ('addCourseToProgram.jsp', 'Añadir Cursos a Programa', 'Page where an administrator can add existing courses to a program.', 1);
INSERT INTO `syllabus_system`.`webPage` (`pageURL`, `pageTitle`, `description`, `menuId`) VALUES ('addNewCourse.jsp', 'Añadir Curso', 'Page where an administrator can add the information of a new course.', 1);
INSERT INTO `syllabus_system`.`webPage` (`pageURL`, `pageTitle`, `description`, `menuId`) VALUES ('addProgram.jsp', 'Añadir Programa', 'Page where an administrator can add a new program.', 1);
INSERT INTO `syllabus_system`.`webPage` (`pageURL`, `pageTitle`, `description`, `menuId`) VALUES ('addRules.jsp', 'Añadir Reglas', 'Page where course rules can be added.', 2);
INSERT INTO `syllabus_system`.`webPage` (`pageURL`, `pageTitle`, `description`, `menuId`) VALUES ('courseSyllabusPreview.jsp', 'Course Syllabus Preview', 'Page where you can see a preview of the syllabus. Here an option to download, print or edit is provided.', 0);
INSERT INTO `syllabus_system`.`webPage` (`pageURL`, `pageTitle`, `description`, `menuId`) VALUES ('createSyllabus.jsp', 'Create Syllabus', 'Page where a user can create a new syllabus.', 0);
INSERT INTO `syllabus_system`.`webPage` (`pageURL`, `pageTitle`, `description`, `menuId`) VALUES ('editSyllabus.jsp', 'Edit Syllabus', 'Page where a user can edit a syllabus.', 0);
INSERT INTO `syllabus_system`.`webPage` (`pageURL`, `pageTitle`, `description`, `menuId`) VALUES ('help.jsp', 'Help', 'Page where help is provided to all users. Its content varies depending on where it is called.', 0);
INSERT INTO `syllabus_system`.`webPage` (`pageURL`, `pageTitle`, `description`, `menuId`) VALUES ('listRules.jsp', 'Lista de Reglas', 'Page where the user can see a list of the course rules.', 2);
INSERT INTO `syllabus_system`.`webPage` (`pageURL`, `pageTitle`, `description`, `menuId`) VALUES ('modifyRules.jsp', 'Modify Rules', 'Page where the course rules are modified.', 0);
INSERT INTO `syllabus_system`.`webPage` (`pageURL`, `pageTitle`, `description`, `menuId`) VALUES ('processAddedProgramCourses.jsp', 'Process Added Program Courses', 'Page that processes the courses added to a program.', 0);
INSERT INTO `syllabus_system`.`webPage` (`pageURL`, `pageTitle`, `description`, `menuId`) VALUES ('processNewCourse.jsp', 'Process New Course', 'Page that processes the required information to  add a course to the system.', 0);
INSERT INTO `syllabus_system`.`webPage` (`pageURL`, `pageTitle`, `description`, `menuId`) VALUES ('processNewProgram.jsp', 'Process New Program', 'Page that processes the information of a new program.', 0);
INSERT INTO `syllabus_system`.`webPage` (`pageURL`, `pageTitle`, `description`, `menuId`) VALUES ('processNewRule.jsp', 'Process New Rule', 'Page that process the information of the new rule.', 0);
INSERT INTO `syllabus_system`.`webPage` (`pageURL`, `pageTitle`, `description`, `menuId`) VALUES ('processRuleChange.jsp', 'Process Rule Change', 'Page where the edited information of the course rule is processed.', 0);
INSERT INTO `syllabus_system`.`webPage` (`pageURL`, `pageTitle`, `description`, `menuId`) VALUES ('processSyllabusEdition.jsp', 'Process Syllabus Edition', 'Page to process the edition/revision of a syllabus.', 0);
INSERT INTO `syllabus_system`.`webPage` (`pageURL`, `pageTitle`, `description`, `menuId`) VALUES ('processSyllabusInfo.jsp', 'Process Syllabus Information', 'Page that processes the information of a syllabus that has been created for the first time.', 0);
INSERT INTO `syllabus_system`.`webPage` (`pageURL`, `pageTitle`, `description`, `menuId`) VALUES ('searchCourseCode.jsp', 'Search Course by Code', 'Page where a user can see the result of the search for courses by their codes.', 0);
INSERT INTO `syllabus_system`.`webPage` (`pageURL`, `pageTitle`, `description`, `menuId`) VALUES ('searchNewCourse.jsp', 'Lista de Cursos Nuevos', 'Page where a user can search in a list for new courses that do not have a syllabus.', 3);
INSERT INTO `syllabus_system`.`webPage` (`pageURL`, `pageTitle`, `description`, `menuId`) VALUES ('searchProgramCourses.jsp', 'Search Program Courses', 'Page where a user can search for courses by programs.', 0);
INSERT INTO `syllabus_system`.`webPage` (`pageURL`, `pageTitle`, `description`, `menuId`) VALUES ('signout.jsp', 'Signout', 'The hidden page used to log out the user, it deletes all required session variables.', 0);
INSERT INTO `syllabus_system`.`webPage` (`pageURL`, `pageTitle`, `description`, `menuId`) VALUES ('validation.jsp', 'Validation', 'Hidden page used to validate the credentials and role of the user.', 0);
INSERT INTO `syllabus_system`.`webPage` (`pageURL`, `pageTitle`, `description`, `menuId`) VALUES ('welcomeMenu.jsp', 'Welcome Menu', 'Welcome page and where the user will have a menu of options to choose from. Also here is a search bar to search for courses by code and another system to search for them by programs.', 0);

COMMIT;


-- -----------------------------------------------------
-- Data for table `syllabus_system`.`role_web_page`
-- -----------------------------------------------------
START TRANSACTION;
USE `syllabus_system`;
INSERT INTO `syllabus_system`.`role_web_page` (`nivel_acceso`, `pageURL`, `date_assign`) VALUES (0, 'addCourseToProgram.jsp', CURRENT_TIMESTAMP);
INSERT INTO `syllabus_system`.`role_web_page` (`nivel_acceso`, `pageURL`, `date_assign`) VALUES (0, 'addNewCourse.jsp', CURRENT_TIMESTAMP);
INSERT INTO `syllabus_system`.`role_web_page` (`nivel_acceso`, `pageURL`, `date_assign`) VALUES (0, 'addProgram.jsp', CURRENT_TIMESTAMP);
INSERT INTO `syllabus_system`.`role_web_page` (`nivel_acceso`, `pageURL`, `date_assign`) VALUES (0, 'addRules.jsp', CURRENT_TIMESTAMP);
INSERT INTO `syllabus_system`.`role_web_page` (`nivel_acceso`, `pageURL`, `date_assign`) VALUES (0, 'courseSyllabusPreview.jsp', CURRENT_TIMESTAMP);
INSERT INTO `syllabus_system`.`role_web_page` (`nivel_acceso`, `pageURL`, `date_assign`) VALUES (0, 'createSyllabus.jsp', CURRENT_TIMESTAMP);
INSERT INTO `syllabus_system`.`role_web_page` (`nivel_acceso`, `pageURL`, `date_assign`) VALUES (0, 'editSyllabus.jsp', CURRENT_TIMESTAMP);
INSERT INTO `syllabus_system`.`role_web_page` (`nivel_acceso`, `pageURL`, `date_assign`) VALUES (0, 'help.jsp', CURRENT_TIMESTAMP);
INSERT INTO `syllabus_system`.`role_web_page` (`nivel_acceso`, `pageURL`, `date_assign`) VALUES (0, 'listRules.jsp', CURRENT_TIMESTAMP);
INSERT INTO `syllabus_system`.`role_web_page` (`nivel_acceso`, `pageURL`, `date_assign`) VALUES (0, 'modifyRules.jsp', CURRENT_TIMESTAMP);
INSERT INTO `syllabus_system`.`role_web_page` (`nivel_acceso`, `pageURL`, `date_assign`) VALUES (0, 'processAddedProgramCourses.jsp', CURRENT_TIMESTAMP);
INSERT INTO `syllabus_system`.`role_web_page` (`nivel_acceso`, `pageURL`, `date_assign`) VALUES (0, 'processNewCourse.jsp', CURRENT_TIMESTAMP);
INSERT INTO `syllabus_system`.`role_web_page` (`nivel_acceso`, `pageURL`, `date_assign`) VALUES (0, 'processNewProgram.jsp', CURRENT_TIMESTAMP);
INSERT INTO `syllabus_system`.`role_web_page` (`nivel_acceso`, `pageURL`, `date_assign`) VALUES (0, 'processNewRule.jsp', CURRENT_TIMESTAMP);
INSERT INTO `syllabus_system`.`role_web_page` (`nivel_acceso`, `pageURL`, `date_assign`) VALUES (0, 'processRuleChange.jsp', CURRENT_TIMESTAMP);
INSERT INTO `syllabus_system`.`role_web_page` (`nivel_acceso`, `pageURL`, `date_assign`) VALUES (0, 'processSyllabusEdition.jsp', CURRENT_TIMESTAMP);
INSERT INTO `syllabus_system`.`role_web_page` (`nivel_acceso`, `pageURL`, `date_assign`) VALUES (0, 'processSyllabusInfo.jsp', CURRENT_TIMESTAMP);
INSERT INTO `syllabus_system`.`role_web_page` (`nivel_acceso`, `pageURL`, `date_assign`) VALUES (0, 'searchCourseCode.jsp', CURRENT_TIMESTAMP);
INSERT INTO `syllabus_system`.`role_web_page` (`nivel_acceso`, `pageURL`, `date_assign`) VALUES (0, 'searchNewCourse.jsp', CURRENT_TIMESTAMP);
INSERT INTO `syllabus_system`.`role_web_page` (`nivel_acceso`, `pageURL`, `date_assign`) VALUES (0, 'searchProgramCourses.jsp', CURRENT_TIMESTAMP);
INSERT INTO `syllabus_system`.`role_web_page` (`nivel_acceso`, `pageURL`, `date_assign`) VALUES (0, 'welcomeMenu.jsp', CURRENT_TIMESTAMP);
INSERT INTO `syllabus_system`.`role_web_page` (`nivel_acceso`, `pageURL`, `date_assign`) VALUES (1, 'addCourseToProgram.jsp', CURRENT_TIMESTAMP);
INSERT INTO `syllabus_system`.`role_web_page` (`nivel_acceso`, `pageURL`, `date_assign`) VALUES (1, 'addNewCourse.jsp', CURRENT_TIMESTAMP);
INSERT INTO `syllabus_system`.`role_web_page` (`nivel_acceso`, `pageURL`, `date_assign`) VALUES (1, 'addProgram.jsp', CURRENT_TIMESTAMP);
INSERT INTO `syllabus_system`.`role_web_page` (`nivel_acceso`, `pageURL`, `date_assign`) VALUES (1, 'addRules.jsp', CURRENT_TIMESTAMP);
INSERT INTO `syllabus_system`.`role_web_page` (`nivel_acceso`, `pageURL`, `date_assign`) VALUES (1, 'courseSyllabusPreview.jsp', CURRENT_TIMESTAMP);
INSERT INTO `syllabus_system`.`role_web_page` (`nivel_acceso`, `pageURL`, `date_assign`) VALUES (1, 'createSyllabus.jsp',CURRENT_TIMESTAMP);
INSERT INTO `syllabus_system`.`role_web_page` (`nivel_acceso`, `pageURL`, `date_assign`) VALUES (1, 'editSyllabus.jsp', CURRENT_TIMESTAMP);
INSERT INTO `syllabus_system`.`role_web_page` (`nivel_acceso`, `pageURL`, `date_assign`) VALUES (1, 'help.jsp', CURRENT_TIMESTAMP);
INSERT INTO `syllabus_system`.`role_web_page` (`nivel_acceso`, `pageURL`, `date_assign`) VALUES (1, 'listRules.jsp', CURRENT_TIMESTAMP);
INSERT INTO `syllabus_system`.`role_web_page` (`nivel_acceso`, `pageURL`, `date_assign`) VALUES (1, 'modifyRules.jsp', CURRENT_TIMESTAMP);
INSERT INTO `syllabus_system`.`role_web_page` (`nivel_acceso`, `pageURL`, `date_assign`) VALUES (1, 'processAddedProgramCourses.jsp', CURRENT_TIMESTAMP);
INSERT INTO `syllabus_system`.`role_web_page` (`nivel_acceso`, `pageURL`, `date_assign`) VALUES (1, 'processNewCourse.jsp', CURRENT_TIMESTAMP);
INSERT INTO `syllabus_system`.`role_web_page` (`nivel_acceso`, `pageURL`, `date_assign`) VALUES (1, 'processNewProgram.jsp', CURRENT_TIMESTAMP);
INSERT INTO `syllabus_system`.`role_web_page` (`nivel_acceso`, `pageURL`, `date_assign`) VALUES (1, 'processNewRule.jsp', CURRENT_TIMESTAMP);
INSERT INTO `syllabus_system`.`role_web_page` (`nivel_acceso`, `pageURL`, `date_assign`) VALUES (1, 'processRuleChange.jsp', CURRENT_TIMESTAMP);
INSERT INTO `syllabus_system`.`role_web_page` (`nivel_acceso`, `pageURL`, `date_assign`) VALUES (1, 'processSyllabusEdition.jsp', CURRENT_TIMESTAMP);
INSERT INTO `syllabus_system`.`role_web_page` (`nivel_acceso`, `pageURL`, `date_assign`) VALUES (1, 'processSyllabusInfo.jsp', CURRENT_TIMESTAMP);
INSERT INTO `syllabus_system`.`role_web_page` (`nivel_acceso`, `pageURL`, `date_assign`) VALUES (1, 'searchCourseCode.jsp', CURRENT_TIMESTAMP);
INSERT INTO `syllabus_system`.`role_web_page` (`nivel_acceso`, `pageURL`, `date_assign`) VALUES (1, 'searchNewCourse.jsp', CURRENT_TIMESTAMP);
INSERT INTO `syllabus_system`.`role_web_page` (`nivel_acceso`, `pageURL`, `date_assign`) VALUES (1, 'searchProgramCourses.jsp', CURRENT_TIMESTAMP);
INSERT INTO `syllabus_system`.`role_web_page` (`nivel_acceso`, `pageURL`, `date_assign`) VALUES (1, 'welcomeMenu.jsp', CURRENT_TIMESTAMP);
INSERT INTO `syllabus_system`.`role_web_page` (`nivel_acceso`, `pageURL`, `date_assign`) VALUES (2, 'courseSyllabusPreview.jsp', CURRENT_TIMESTAMP);
INSERT INTO `syllabus_system`.`role_web_page` (`nivel_acceso`, `pageURL`, `date_assign`) VALUES (2, 'help.jsp', CURRENT_TIMESTAMP);
INSERT INTO `syllabus_system`.`role_web_page` (`nivel_acceso`, `pageURL`, `date_assign`) VALUES (2, 'searchCourseCode.jsp', CURRENT_TIMESTAMP);
INSERT INTO `syllabus_system`.`role_web_page` (`nivel_acceso`, `pageURL`, `date_assign`) VALUES (2, 'searchNewCourse.jsp', CURRENT_TIMESTAMP);
INSERT INTO `syllabus_system`.`role_web_page` (`nivel_acceso`, `pageURL`, `date_assign`) VALUES (2, 'searchProgramCourses.jsp', CURRENT_TIMESTAMP);
INSERT INTO `syllabus_system`.`role_web_page` (`nivel_acceso`, `pageURL`, `date_assign`) VALUES (2, 'welcomeMenu.jsp', CURRENT_TIMESTAMP);
INSERT INTO `syllabus_system`.`role_web_page` (`nivel_acceso`, `pageURL`, `date_assign`) VALUES (3, 'courseSyllabusPreview.jsp', CURRENT_TIMESTAMP);
INSERT INTO `syllabus_system`.`role_web_page` (`nivel_acceso`, `pageURL`, `date_assign`) VALUES (3, 'help.jsp', CURRENT_TIMESTAMP);
INSERT INTO `syllabus_system`.`role_web_page` (`nivel_acceso`, `pageURL`, `date_assign`) VALUES (3, 'searchCourseCode.jsp', CURRENT_TIMESTAMP);
INSERT INTO `syllabus_system`.`role_web_page` (`nivel_acceso`, `pageURL`, `date_assign`) VALUES (3, 'searchProgramCourses.jsp', CURRENT_TIMESTAMP);
INSERT INTO `syllabus_system`.`role_web_page` (`nivel_acceso`, `pageURL`, `date_assign`) VALUES (3, 'welcomeMenu.jsp', CURRENT_TIMESTAMP);

COMMIT;


-- -----------------------------------------------------
-- Data for table `syllabus_system`.`webPagePrevious`
-- -----------------------------------------------------
START TRANSACTION;
USE `syllabus_system`;
INSERT INTO `syllabus_system`.`webPagePrevious` (`currentPageURL`, `previousPageURL`) VALUES ('welcomeMenu.jsp', 'validation.jsp');
INSERT INTO `syllabus_system`.`webPagePrevious` (`currentPageURL`, `previousPageURL`) VALUES ('searchCourseCode.jsp', 'welcomeMenu.jsp');
INSERT INTO `syllabus_system`.`webPagePrevious` (`currentPageURL`, `previousPageURL`) VALUES ('searchCourseCode.jsp', 'courseSyllabusPreview.jsp');
INSERT INTO `syllabus_system`.`webPagePrevious` (`currentPageURL`, `previousPageURL`) VALUES ('searchProgramCourses.jsp', 'welcomeMenu.jsp');
INSERT INTO `syllabus_system`.`webPagePrevious` (`currentPageURL`, `previousPageURL`) VALUES ('searchProgramCourses.jsp', 'courseSyllabusPreview.jsp');
INSERT INTO `syllabus_system`.`webPagePrevious` (`currentPageURL`, `previousPageURL`) VALUES ('courseSyllabusPreview.jsp', 'searchCourseCode.jsp');
INSERT INTO `syllabus_system`.`webPagePrevious` (`currentPageURL`, `previousPageURL`) VALUES ('courseSyllabusPreview.jsp', 'editSyllabus.jsp');
INSERT INTO `syllabus_system`.`webPagePrevious` (`currentPageURL`, `previousPageURL`) VALUES ('courseSyllabusPreview.jsp', 'searchProgramCourses.jsp');
INSERT INTO `syllabus_system`.`webPagePrevious` (`currentPageURL`, `previousPageURL`) VALUES ('editSyllabus.jsp', 'courseSyllabusPreview.jsp');
INSERT INTO `syllabus_system`.`webPagePrevious` (`currentPageURL`, `previousPageURL`) VALUES ('editSyllabus.jsp', 'processSyllabusEdition.jsp');
INSERT INTO `syllabus_system`.`webPagePrevious` (`currentPageURL`, `previousPageURL`) VALUES ('editSyllabus.jsp', 'help.jsp');
INSERT INTO `syllabus_system`.`webPagePrevious` (`currentPageURL`, `previousPageURL`) VALUES ('help.jsp', 'editSyllabus.jsp');
INSERT INTO `syllabus_system`.`webPagePrevious` (`currentPageURL`, `previousPageURL`) VALUES ('processSyllabusEdition.jsp', 'editSyllabus.jsp');
INSERT INTO `syllabus_system`.`webPagePrevious` (`currentPageURL`, `previousPageURL`) VALUES ('welcomeMenu.jsp', 'searchCourseCode.jsp');
INSERT INTO `syllabus_system`.`webPagePrevious` (`currentPageURL`, `previousPageURL`) VALUES ('welcomeMenu.jsp', 'searchProgramCourses.jsp');
INSERT INTO `syllabus_system`.`webPagePrevious` (`currentPageURL`, `previousPageURL`) VALUES ('welcomeMenu.jsp', 'courseSyllabusPreview.jsp');
INSERT INTO `syllabus_system`.`webPagePrevious` (`currentPageURL`, `previousPageURL`) VALUES ('processSyllabusInfo.jsp', 'createSyllabus.jsp');
INSERT INTO `syllabus_system`.`webPagePrevious` (`currentPageURL`, `previousPageURL`) VALUES ('createSyllabus.jsp', 'processSyllabusInfo.jsp');
INSERT INTO `syllabus_system`.`webPagePrevious` (`currentPageURL`, `previousPageURL`) VALUES ('help.jsp', 'addCourseToProgram.jsp');
INSERT INTO `syllabus_system`.`webPagePrevious` (`currentPageURL`, `previousPageURL`) VALUES ('help.jsp', 'addNewCourse.jsp');
INSERT INTO `syllabus_system`.`webPagePrevious` (`currentPageURL`, `previousPageURL`) VALUES ('help.jsp', 'addProgram.jsp');
INSERT INTO `syllabus_system`.`webPagePrevious` (`currentPageURL`, `previousPageURL`) VALUES ('help.jsp', 'welcomeMenu.jsp');
INSERT INTO `syllabus_system`.`webPagePrevious` (`currentPageURL`, `previousPageURL`) VALUES ('addCourseToProgram.jsp', 'help.jsp');
INSERT INTO `syllabus_system`.`webPagePrevious` (`currentPageURL`, `previousPageURL`) VALUES ('addNewCourse.jsp', 'help.jsp');
INSERT INTO `syllabus_system`.`webPagePrevious` (`currentPageURL`, `previousPageURL`) VALUES ('addProgram.jsp', 'help.jsp');
INSERT INTO `syllabus_system`.`webPagePrevious` (`currentPageURL`, `previousPageURL`) VALUES ('welcomeMenu.jsp', 'help.jsp');
INSERT INTO `syllabus_system`.`webPagePrevious` (`currentPageURL`, `previousPageURL`) VALUES ('searchNewCourse.jsp', 'addCourseToProgram.jsp');
INSERT INTO `syllabus_system`.`webPagePrevious` (`currentPageURL`, `previousPageURL`) VALUES ('searchNewCourse.jsp', 'addNewCourse.jsp');
INSERT INTO `syllabus_system`.`webPagePrevious` (`currentPageURL`, `previousPageURL`) VALUES ('searchNewCourse.jsp', 'addProgram.jsp');
INSERT INTO `syllabus_system`.`webPagePrevious` (`currentPageURL`, `previousPageURL`) VALUES ('searchNewCourse.jsp', 'welcomeMenu.jsp');
INSERT INTO `syllabus_system`.`webPagePrevious` (`currentPageURL`, `previousPageURL`) VALUES ('addCourseToProgram.jsp', 'searchNewCourse.jsp');
INSERT INTO `syllabus_system`.`webPagePrevious` (`currentPageURL`, `previousPageURL`) VALUES ('addNewCourse.jsp', 'searchNewCourse.jsp');
INSERT INTO `syllabus_system`.`webPagePrevious` (`currentPageURL`, `previousPageURL`) VALUES ('addProgram.jsp', 'searchNewCourse.jsp');
INSERT INTO `syllabus_system`.`webPagePrevious` (`currentPageURL`, `previousPageURL`) VALUES ('welcomeMenu.jsp', 'searchNewCourse.jsp');
INSERT INTO `syllabus_system`.`webPagePrevious` (`currentPageURL`, `previousPageURL`) VALUES ('addCourseToProgram.jsp', 'addNewCourse.jsp');
INSERT INTO `syllabus_system`.`webPagePrevious` (`currentPageURL`, `previousPageURL`) VALUES ('addCourseToProgram.jsp', 'addProgram.jsp');
INSERT INTO `syllabus_system`.`webPagePrevious` (`currentPageURL`, `previousPageURL`) VALUES ('addCourseToProgram.jsp', 'welcomeMenu.jsp');
INSERT INTO `syllabus_system`.`webPagePrevious` (`currentPageURL`, `previousPageURL`) VALUES ('addNewCourse.jsp', 'addCourseToProgram.jsp');
INSERT INTO `syllabus_system`.`webPagePrevious` (`currentPageURL`, `previousPageURL`) VALUES ('addProgram.jsp', 'addCourseToProgram.jsp');
INSERT INTO `syllabus_system`.`webPagePrevious` (`currentPageURL`, `previousPageURL`) VALUES ('welcomeMenu.jsp', 'addCourseToProgram.jsp');
INSERT INTO `syllabus_system`.`webPagePrevious` (`currentPageURL`, `previousPageURL`) VALUES ('addNewCourse.jsp', 'addProgram.jsp');
INSERT INTO `syllabus_system`.`webPagePrevious` (`currentPageURL`, `previousPageURL`) VALUES ('addNewCourse.jsp', 'welcomeMenu.jsp');
INSERT INTO `syllabus_system`.`webPagePrevious` (`currentPageURL`, `previousPageURL`) VALUES ('addProgram.jsp', 'addNewCourse.jsp');
INSERT INTO `syllabus_system`.`webPagePrevious` (`currentPageURL`, `previousPageURL`) VALUES ('welcomeMenu.jsp', 'addNewCourse.jsp');
INSERT INTO `syllabus_system`.`webPagePrevious` (`currentPageURL`, `previousPageURL`) VALUES ('addProgram.jsp', 'welcomeMenu.jsp');
INSERT INTO `syllabus_system`.`webPagePrevious` (`currentPageURL`, `previousPageURL`) VALUES ('welcomeMenu.jsp', 'addProgram.jsp');
INSERT INTO `syllabus_system`.`webPagePrevious` (`currentPageURL`, `previousPageURL`) VALUES ('searchNewCourse.jsp', 'createSyllabus.jsp');
INSERT INTO `syllabus_system`.`webPagePrevious` (`currentPageURL`, `previousPageURL`) VALUES ('help.jsp', 'createSyllabus.jsp');
INSERT INTO `syllabus_system`.`webPagePrevious` (`currentPageURL`, `previousPageURL`) VALUES ('createSyllabus.jsp', 'help.jsp');
INSERT INTO `syllabus_system`.`webPagePrevious` (`currentPageURL`, `previousPageURL`) VALUES ('createSyllabus.jsp', 'searchNewCourse.jsp');
INSERT INTO `syllabus_system`.`webPagePrevious` (`currentPageURL`, `previousPageURL`) VALUES ('courseSyllabusPreview.jsp', 'processSyllabusEdition.jsp');
INSERT INTO `syllabus_system`.`webPagePrevious` (`currentPageURL`, `previousPageURL`) VALUES ('processNewProgram.jsp', 'addProgram.jsp');
INSERT INTO `syllabus_system`.`webPagePrevious` (`currentPageURL`, `previousPageURL`) VALUES ('addProgram.jsp', 'processNewProgram.jsp');
INSERT INTO `syllabus_system`.`webPagePrevious` (`currentPageURL`, `previousPageURL`) VALUES ('addNewCourse.jsp', 'processNewProgram.jsp');
INSERT INTO `syllabus_system`.`webPagePrevious` (`currentPageURL`, `previousPageURL`) VALUES ('processNewCourse.jsp', 'addNewCourse.jsp');
INSERT INTO `syllabus_system`.`webPagePrevious` (`currentPageURL`, `previousPageURL`) VALUES ('addNewCourse.jsp', 'processNewCourse.jsp');
INSERT INTO `syllabus_system`.`webPagePrevious` (`currentPageURL`, `previousPageURL`) VALUES ('processAddedProgramCourses.jsp', 'addCourseToProgram.jsp');
INSERT INTO `syllabus_system`.`webPagePrevious` (`currentPageURL`, `previousPageURL`) VALUES ('addCourseToProgram.jsp', 'processAddedProgramCourses.jsp');
INSERT INTO `syllabus_system`.`webPagePrevious` (`currentPageURL`, `previousPageURL`) VALUES ('welcomeMenu.jsp', 'processAddedProgramCourses.jsp');
INSERT INTO `syllabus_system`.`webPagePrevious` (`currentPageURL`, `previousPageURL`) VALUES ('searchNewCourse.jsp', 'processSyllabusInfo.jsp');
INSERT INTO `syllabus_system`.`webPagePrevious` (`currentPageURL`, `previousPageURL`) VALUES ('processNewRule.jsp', 'addRules.jsp');
INSERT INTO `syllabus_system`.`webPagePrevious` (`currentPageURL`, `previousPageURL`) VALUES ('addRules.jsp', 'processNewRule.jsp');
INSERT INTO `syllabus_system`.`webPagePrevious` (`currentPageURL`, `previousPageURL`) VALUES ('addRules.jsp', 'addProgram.jsp');
INSERT INTO `syllabus_system`.`webPagePrevious` (`currentPageURL`, `previousPageURL`) VALUES ('addProgram.jsp', 'addRules.jsp');
INSERT INTO `syllabus_system`.`webPagePrevious` (`currentPageURL`, `previousPageURL`) VALUES ('addNewCourse.jsp', 'addRules.jsp');
INSERT INTO `syllabus_system`.`webPagePrevious` (`currentPageURL`, `previousPageURL`) VALUES ('addRules.jsp', 'addNewCourse.jsp');
INSERT INTO `syllabus_system`.`webPagePrevious` (`currentPageURL`, `previousPageURL`) VALUES ('addCourseToProgram.jsp', 'addRules.jsp');
INSERT INTO `syllabus_system`.`webPagePrevious` (`currentPageURL`, `previousPageURL`) VALUES ('addRules.jsp', 'addCourseToProgram.jsp');
INSERT INTO `syllabus_system`.`webPagePrevious` (`currentPageURL`, `previousPageURL`) VALUES ('searchNewCourse.jsp', 'addRules.jsp');
INSERT INTO `syllabus_system`.`webPagePrevious` (`currentPageURL`, `previousPageURL`) VALUES ('addRules.jsp', 'searchNewCourse.jsp');
INSERT INTO `syllabus_system`.`webPagePrevious` (`currentPageURL`, `previousPageURL`) VALUES ('processRuleChange.jsp', 'modifyRules.jsp');
INSERT INTO `syllabus_system`.`webPagePrevious` (`currentPageURL`, `previousPageURL`) VALUES ('modifyRules.jsp', 'processRuleChange.jsp');
INSERT INTO `syllabus_system`.`webPagePrevious` (`currentPageURL`, `previousPageURL`) VALUES ('listRules.jsp', 'processRuleChange.jsp');
INSERT INTO `syllabus_system`.`webPagePrevious` (`currentPageURL`, `previousPageURL`) VALUES ('modifyRules.jsp', 'help.jsp');
INSERT INTO `syllabus_system`.`webPagePrevious` (`currentPageURL`, `previousPageURL`) VALUES ('help.jsp', 'modifyRules.jsp');
INSERT INTO `syllabus_system`.`webPagePrevious` (`currentPageURL`, `previousPageURL`) VALUES ('modifyRules.jsp', 'listRules.jsp');
INSERT INTO `syllabus_system`.`webPagePrevious` (`currentPageURL`, `previousPageURL`) VALUES ('listRules.jsp', 'modifyRules.jsp');
INSERT INTO `syllabus_system`.`webPagePrevious` (`currentPageURL`, `previousPageURL`) VALUES ('listRules.jsp', 'addRules.jsp');
INSERT INTO `syllabus_system`.`webPagePrevious` (`currentPageURL`, `previousPageURL`) VALUES ('addRules.jsp', 'listRules.jsp');
INSERT INTO `syllabus_system`.`webPagePrevious` (`currentPageURL`, `previousPageURL`) VALUES ('listRules.jsp', 'searchNewCourse.jsp');
INSERT INTO `syllabus_system`.`webPagePrevious` (`currentPageURL`, `previousPageURL`) VALUES ('searchNewCourse.jsp', 'listRules.jsp');
INSERT INTO `syllabus_system`.`webPagePrevious` (`currentPageURL`, `previousPageURL`) VALUES ('listRules.jsp', 'addCourseToProgram.jsp');
INSERT INTO `syllabus_system`.`webPagePrevious` (`currentPageURL`, `previousPageURL`) VALUES ('addCourseToProgram.jsp', 'listRules.jsp');
INSERT INTO `syllabus_system`.`webPagePrevious` (`currentPageURL`, `previousPageURL`) VALUES ('addNewCourse.jsp', 'listRules.jsp');
INSERT INTO `syllabus_system`.`webPagePrevious` (`currentPageURL`, `previousPageURL`) VALUES ('listRules.jsp', 'addNewCourse.jsp');
INSERT INTO `syllabus_system`.`webPagePrevious` (`currentPageURL`, `previousPageURL`) VALUES ('addProgram.jsp', 'listRules.jsp');
INSERT INTO `syllabus_system`.`webPagePrevious` (`currentPageURL`, `previousPageURL`) VALUES ('listRules.jsp', 'addProgram.jsp');
INSERT INTO `syllabus_system`.`webPagePrevious` (`currentPageURL`, `previousPageURL`) VALUES ('listRules.jsp', 'searchProgramCourses.jsp');
INSERT INTO `syllabus_system`.`webPagePrevious` (`currentPageURL`, `previousPageURL`) VALUES ('listRules.jsp', 'searchCourseCode.jsp');
INSERT INTO `syllabus_system`.`webPagePrevious` (`currentPageURL`, `previousPageURL`) VALUES ('addRules.jsp', 'welcomeMenu.jsp');
INSERT INTO `syllabus_system`.`webPagePrevious` (`currentPageURL`, `previousPageURL`) VALUES ('welcomeMenu.jsp', 'addRules.jsp');
INSERT INTO `syllabus_system`.`webPagePrevious` (`currentPageURL`, `previousPageURL`) VALUES ('listRules.jsp', 'welcomeMenu.jsp');
INSERT INTO `syllabus_system`.`webPagePrevious` (`currentPageURL`, `previousPageURL`) VALUES ('welcomeMenu.jsp', 'listRules.jsp');
INSERT INTO `syllabus_system`.`webPagePrevious` (`currentPageURL`, `previousPageURL`) VALUES ('welcomeMenu.jsp', 'modifyRules.jsp');
INSERT INTO `syllabus_system`.`webPagePrevious` (`currentPageURL`, `previousPageURL`) VALUES ('welcomeMenu.jsp', 'editSyllabus.jsp');

COMMIT;


-- -----------------------------------------------------
-- Data for table `syllabus_system`.`tipos_solicitudes`
-- -----------------------------------------------------
START TRANSACTION;
USE `syllabus_system`;
INSERT INTO `syllabus_system`.`tipos_solicitudes` (`tipo_solicitud`, `descripcion`) VALUES (0, 'Creation Request');
INSERT INTO `syllabus_system`.`tipos_solicitudes` (`tipo_solicitud`, `descripcion`) VALUES (1, 'Edition Request');

COMMIT;


-- -----------------------------------------------------
-- Data for table `syllabus_system`.`estados_syllabuses`
-- -----------------------------------------------------
START TRANSACTION;
USE `syllabus_system`;
INSERT INTO `syllabus_system`.`estados_syllabuses` (`status`, `descripcion`) VALUES ('0', 'Canceled Course Guide');
INSERT INTO `syllabus_system`.`estados_syllabuses` (`status`, `descripcion`) VALUES ('1', 'Pending Course Guide');
INSERT INTO `syllabus_system`.`estados_syllabuses` (`status`, `descripcion`) VALUES ('2', 'Approved Course Guide');

COMMIT;


-- -----------------------------------------------------
-- Data for table `syllabus_system`.`grado_educacion`
-- -----------------------------------------------------
START TRANSACTION;
USE `syllabus_system`;
INSERT INTO `syllabus_system`.`grado_educacion` (`id_grado`, `nivel_educ`) VALUES ('0', 'bachillerato');
INSERT INTO `syllabus_system`.`grado_educacion` (`id_grado`, `nivel_educ`) VALUES ('1', 'maestria');
INSERT INTO `syllabus_system`.`grado_educacion` (`id_grado`, `nivel_educ`) VALUES ('2', 'doctorado');

COMMIT;


-- -----------------------------------------------------
-- Data for table `syllabus_system`.`agencias`
-- -----------------------------------------------------
START TRANSACTION;
USE `syllabus_system`;
INSERT INTO `syllabus_system`.`agencias` (`id_agencia`, `nombre`, `descripcion_agencia`) VALUES (0, 'CAEP', 'CAEP stands for Council for Accreditation of Educator Preparation. CAEP advances equity and excellence in educator preparation through evidence-based accreditation that assures quality and supports continuous improvement to strengthen P-12 student learning.');

COMMIT;


-- -----------------------------------------------------
-- Data for table `syllabus_system`.`objetivos_agencias`
-- -----------------------------------------------------
START TRANSACTION;
USE `syllabus_system`;
INSERT INTO `syllabus_system`.`objetivos_agencias` (`id_agencia`, `id_objetivo_agencia`, `descripcion`) VALUES (0, '1.1', 'Candidates demonstrate an understanding of the 10 InTASC standards at the appropriate progression level(s) in the following categories: the learner and learning; content; instructional practice; and professional responsibility.');
INSERT INTO `syllabus_system`.`objetivos_agencias` (`id_agencia`, `id_objetivo_agencia`, `descripcion`) VALUES (0, '1.2', 'Providers ensure that candidates use research and evidence to develop an understanding of the teaching profession and use both to measure their P-12 students’ progress and their own professional practice.');
INSERT INTO `syllabus_system`.`objetivos_agencias` (`id_agencia`, `id_objetivo_agencia`, `descripcion`) VALUES (0, '1.3', 'Providers ensure that candidates apply content and pedagogical knowledge as reflected in outcome assessments in response to standards of Specialized Professional Associations (SPA), the National Board for Professional Teaching Standards (NBPTS), states, or other accrediting bodies (e.g., National Association of Schools of Music – NASM).');
INSERT INTO `syllabus_system`.`objetivos_agencias` (`id_agencia`, `id_objetivo_agencia`, `descripcion`) VALUES (0, '1.4', 'Providers ensure that candidates demonstrate skills and commitment that afford all P-12 students access to rigorous college- and career-ready standards (e.g., Next Generation Science Standards, National Career Readiness Certificate, Common Core State Standards).');
INSERT INTO `syllabus_system`.`objetivos_agencias` (`id_agencia`, `id_objetivo_agencia`, `descripcion`) VALUES (0, '1.5', 'Providers ensure that candidates model and apply technology standards as they design, implement and assess learning experiences to engage students and improve learning; and enrich professional practice.');
INSERT INTO `syllabus_system`.`objetivos_agencias` (`id_agencia`, `id_objetivo_agencia`, `descripcion`) VALUES (0, '2.1', 'Partners co-construct mutually beneficial P-12 school and community arrangements, including technology-based collaborations, for clinical preparation and share responsibility for continuous improvement of candidate preparation. Partnerships for clinical preparation can follow a range of forms, participants, and functions. They establish mutually agreeable expectations for candidate entry, preparation, and exit; ensure that theory and practice are linked; maintain coherence across clinical and academic components of preparation; and share accountability for candidate outcomes.');
INSERT INTO `syllabus_system`.`objetivos_agencias` (`id_agencia`, `id_objetivo_agencia`, `descripcion`) VALUES (0, '2.2', 'Partners co-select, prepare, evaluate, support, and retain high-quality clinical educators, both provider- and school-based, who demonstrate a positive impact on candidates’ development and P-12 student learning and development. In collaboration with their partners, providers use multiple indicators and appropriate technology-based applications to establish, maintain, and refine criteria for selection, professional development, performance evaluation, continuous improvement, and retention of clinical educators in all clinical placement settings.');
INSERT INTO `syllabus_system`.`objetivos_agencias` (`id_agencia`, `id_objetivo_agencia`, `descripcion`) VALUES (0, '2.3', 'The provider works with partners to design clinical experiences of sufficient depth, breadth, diversity, coherence, and duration to ensure that candidates demonstrate their developing effectiveness and positive impact on all students’ learning and development. Clinical experiences, including technology-enhanced learning opportunities, are structured to have multiple performance-based assessments at key points within the program to demonstrate candidates’ development of the knowledge, skills, and professional dispositions, as delineated in Standard 1, that are associated with a positive impact on the learning and development of all P-12 students.');
INSERT INTO `syllabus_system`.`objetivos_agencias` (`id_agencia`, `id_objetivo_agencia`, `descripcion`) VALUES (0, '3.1', 'The provider presents plans and goals to recruit and support completion of high-quality candidates from a broad range of backgrounds and diverse populations to accomplish their mission. The admitted pool of candidates reflects the diversity of America’s P-12 students. The provider demonstrates efforts to know and address community, state, national, regional, or local needs for hard-to-staff schools and shortage fields, currently, STEM, English-language learning, and students with disabilities.');
INSERT INTO `syllabus_system`.`objetivos_agencias` (`id_agencia`, `id_objetivo_agencia`, `descripcion`) VALUES (0, '3.2', 'The provider meets CAEP minimum criteria or the state’s minimum criteria for academic achievement, whichever are higher, and gathers disaggregated data on the enrolled candidates whose preparation begins during an academic year. The CAEP minimum criteria are a grade point average of 3.0 and a group average performance on nationally normed assessments or substantially equivalent statenormed assessments of mathematical, reading and writing achievement in the top 50 percent of those assessed.');
INSERT INTO `syllabus_system`.`objetivos_agencias` (`id_agencia`, `id_objetivo_agencia`, `descripcion`) VALUES (0, '3.3', 'Educator preparation providers establish and monitor attributes and dispositions beyond academic ability that candidates must demonstrate at admissions and during the program. The provider selects criteria, describes the measures used and evidence of the reliability and validity of those measures, and reports data that show how the academic and non-academic factors predict candidate performance in the program and effective teaching.');
INSERT INTO `syllabus_system`.`objetivos_agencias` (`id_agencia`, `id_objetivo_agencia`, `descripcion`) VALUES (0, '3.4', 'The provider creates criteria for program progression and monitors candidates’ advancement from admissions through completion. All candidates demonstrate the ability to teach to college- and career-ready standards. Providers present multiple forms of evidence to indicate candidates’ developing content knowledge, pedagogical content knowledge, pedagogical skills, and the integration of technology in all of these domains.');
INSERT INTO `syllabus_system`.`objetivos_agencias` (`id_agencia`, `id_objetivo_agencia`, `descripcion`) VALUES (0, '3.5', 'Before the provider recommends any completing candidate for licensure or certification, it documents that the candidate has reached a high standard for content knowledge in the fields where certification is sought and can teach effectively with positive impacts on P-12 student learning and development.');
INSERT INTO `syllabus_system`.`objetivos_agencias` (`id_agencia`, `id_objetivo_agencia`, `descripcion`) VALUES (0, '3.6', 'Before the provider recommends any completing candidate for licensure or certification, it documents that the candidate understands the expectations of the profession, including codes of ethics, professional standards of practice, and relevant laws and policies. CAEP monitors the development of measures that assess candidates’ success and revises standards in light of new results.');
INSERT INTO `syllabus_system`.`objetivos_agencias` (`id_agencia`, `id_objetivo_agencia`, `descripcion`) VALUES (0, '4.1', 'The provider documents, using multiple measures that program completers contribute to an expected level of student-learning growth. Multiple measures shall include all available growth measures (including value-added measures, student-growth percentiles, and student learning and development objectives) required by the state for its teachers and available to educator preparation providers, other state-supported P-12 impact measures, and any other measures employed by the provider.');
INSERT INTO `syllabus_system`.`objetivos_agencias` (`id_agencia`, `id_objetivo_agencia`, `descripcion`) VALUES (0, '4.2', 'The provider demonstrates, through structured validated observation instruments and/or student surveys, that completers effectively apply the professional knowledge, skills, and dispositions that the preparation experiences were designed to achieve.');
INSERT INTO `syllabus_system`.`objetivos_agencias` (`id_agencia`, `id_objetivo_agencia`, `descripcion`) VALUES (0, '4.3', 'The provider demonstrates, using measures that result in valid and reliable data and including employment milestones such as promotion and retention, that employers are satisfied with the completers’ preparation for their assigned responsibilities in working with P-12 students.');
INSERT INTO `syllabus_system`.`objetivos_agencias` (`id_agencia`, `id_objetivo_agencia`, `descripcion`) VALUES (0, '4.4', 'The provider demonstrates, using measures that result in valid and reliable data, that program completers perceive their preparation as relevant to the responsibilities they confront on the job, and that the preparation was effective.');
INSERT INTO `syllabus_system`.`objetivos_agencias` (`id_agencia`, `id_objetivo_agencia`, `descripcion`) VALUES (0, '5.1', 'The provider’s quality assurance system is comprised of multiple measures that can monitor candidate progress, completer achievements, and provider operational effectiveness. Evidence demonstrates that the provider satisfies all CAEP standards.');
INSERT INTO `syllabus_system`.`objetivos_agencias` (`id_agencia`, `id_objetivo_agencia`, `descripcion`) VALUES (0, '5.2', 'The provider’s quality assurance system relies on relevant, verifiable, representative, cumulative and actionable measures, and produces empirical evidence that interpretations of data are valid and consistent.');
INSERT INTO `syllabus_system`.`objetivos_agencias` (`id_agencia`, `id_objetivo_agencia`, `descripcion`) VALUES (0, '5.3', 'The provider regularly and systematically assesses performance against its goals and relevant standards, tracks results over time, tests innovations and the effects of selection criteria on subsequent progress and completion, and uses results to improve program elements and processes.');
INSERT INTO `syllabus_system`.`objetivos_agencias` (`id_agencia`, `id_objetivo_agencia`, `descripcion`) VALUES (0, '5.4', 'Measures of completer impact, including available outcome data on P-12 student growth, are summarized, externally benchmarked, analyzed, shared widely, and acted upon in decision-making related to programs, resource allocation, and future direction.');
INSERT INTO `syllabus_system`.`objetivos_agencias` (`id_agencia`, `id_objetivo_agencia`, `descripcion`) VALUES (0, '5.5', 'The provider assures that appropriate stakeholders, including alumni, employers, practitioners, school and community partners, and others defined by the provider, are involved in program evaluation, improvement, and identification of models of excellence. (see caepnet.org) ');

COMMIT;

